GR_CH_Chr000,Arcueid,
GR_CH_Chr001,Hisui,
GR_CH_Chr002,Akiha Tohno,
GR_CH_Chr003,Shiki Tohno,
GR_CH_Chr004,Kohaku,
GR_CH_Chr005,Roa,
GR_CH_Chr006,Kouma Kishima,
GR_CH_Chr007,Hisui & Kohaku,
GR_CH_Chr008,Noel,
GR_CH_Chr009,Vlov,
GR_CH_Chr010,Red Arcueid,
GR_CH_Chr011,Ciel,
GR_CH_Chr012,Saber,
GR_CH_Chr013,Miyako Arima,
GR_CH_Chr014,Dead Apostle Noel,
GR_CH_Chr015,Aoko Aozaki,
GR_CH_Extra_Ordinary,Commoner,
GR_CH_Extra_Extraordinary,Ability User,
GR_CH_Extra_Vampire,Vampire,
GR_CH_Extra_DeadApostleOrDemon,Dead Apostle / Demon,
GR_CH_Extra_FemaleHeroine,Heroine,
GR_CH_VsChr000,vs Arcueid,
GR_CH_VsChr001,vs Hisui,
GR_CH_VsChr002,vs Akiha Tohno,
GR_CH_VsChr003,vs Shiki Tohno,
GR_CH_VsChr004,vs Kohaku,
GR_CH_VsChr005,vs Roa,
GR_CH_VsChr006,vs Kouma Kishima,
GR_CH_VsChr007,vs Hisui & Kohaku,
GR_CH_VsChr008,vs Noel,
GR_CH_VsChr009,vs Vlov,
GR_CH_VsChr010,vs Red Arcueid,
GR_CH_VsChr011,vs Ciel,
GR_CH_VsChr012,vs Saber,
GR_CH_VsChr013,vs Miyako Arima,
GR_CH_VsChr014,vs Dead Apostle Noel,
GR_CH_VsChr015,vs Aoko Aozaki,
GR_CH_Extra_VsVampire,vs Vampire,
GR_CH_Extra_VsDeadApostleOrDemon,vs Dead Apostle / vs Demon,
GR_CH_Extra_VsOrdinary,vs Commoner,
GR_CH_Extra_VsExtraordinary,vs Ability User,
GR_CH_Extra_VsFemaleHeroine,vs Heroine,
GR_CH_Extra_VsWArc,vs (Red)Arcueid,
GR_NM_RestoreDefaults,Restore Default,
GR_HL_RestoreDefaults,Resets settings to default.,
GR_NM_RestoreDefaultsAll,Restore All Defaults,
GR_HL_RestoreDefaultsAll,Resets all settings to defaults.,
GR_NM_Start,Start,
GR_NM_Confirm,Confirm,
GR_NM_Return,Return,
GR_NM_Cancel,Cancel,
GR_NM_Pass,Pass,
GR_NM_GameStart,Start Game,
GR_NM_DataInstallation,Install Data,
GR_NM_OpenInstalledData,Open Install Data,
GR_NM_AutoSave,Auto Save,
GR_NM_Save,Save,
GR_NM_UploadCrossSave,Upload Cross Save,
GR_NM_DownloadCrossSave,Download Cross Save,
GR_NM_CarryOverSaveData,Transfer Save Data,
GR_NM_AutoSkipVSScreen,Auto Skip VS Screen,
GR_MD_MainMenu,Main Menu,
GR_MD_Map,Map,
GR_MD_NetworkMode,Network Mode,
GR_MD_PlayerMatch,Player Match,
GR_MD_RankedMatch,Ranked Match,
GR_MD_CustomizeMode,Customize Mode,
GR_MD_Option,Options,
GR_MD_StoryMode,Story Mode,
GR_MD_ArcadeMode,Arcade Mode,
GR_MD_VSMode,Versus Mode,
GR_MD_CharacterSelect,Character Selection,
GR_MD_Encount,Intrusion,
GR_MD_Continue,Continue,
GR_MD_GameOver,Game Over,
GR_MD_VSScreen,Auto Skip VS Screen,
GR_MD_Winner,Victory Demo,
GR_MD_ColorCustomize,Customize Color,
GR_MD_Story,Story,
GR_MD_ScoreAttack,Score Attack,
GR_MD_TimeAttack,Time Attack,
GR_MD_Survival,Survival,
GR_MD_ComboMission,Mission,
GR_MD_ReplayBoard,Replay Board,
GR_MD_BattleActivity,Battle Activity,
GR_MD_PlayerProfile,Player Profile,
GR_MD_RPRanking,RP Ranking,
GR_MD_TotalVictoryRanking,Ranking: Total Wins,
GR_MD_MonthlyVictoryRanking,Ranking: Monthly Wins,
GR_MD_TotralWinningStreakRanking,Ranking: Consecutive Wins,
GR_MD_ScoreAttackRanking,Ranking: Score Attack,
GR_MD_TimeAttackRanking,Ranking: Time Attack,
GR_MD_SurvivalRanking,Ranking: Survival,
GR_MD_SinglePlay,Single Play Mode,
GR_MD_Tournament,Tournament,
GR_MD_AdHoc,Ad Hoc,
GR_NM_GameDifficulty,Game Difficulty,
GR_NM_Rounds,Rounds to Win,
GR_NM_RoundTime,Round Time,
GR_NM_Time_Infinite,Infinite,
GR_NM_Time_Long,Long,
GR_NM_Time_Normal,Normal,
GR_NM_Time_Short,Short,
GR_NM_Time_Shortest,Very Short,
GR_NM_BattleMenu,Battle Menu,
GR_NM_ButtonImmediate,Immediate,
GR_NM_ButtonLongHold,Hold down,
GR_NM_BGMVolume,BGM Volume,
GR_NM_SFXVolume,SFX Volume,
GR_NM_VoiceVolume,Voice Volume,
GR_NM_RoundCall,Round Announcements,
GR_NM_Keyword,Keyword,
GR_NM_Default,Default,
GR_NM_ScalingType,Scaling Type,
GR_NM_ResolutionType,Screen Resolution,
GR_NM_ScreenMode,Screen Mode,
GR_NM_VSync,VSYNC,
GR_NM_KeepAspect,Aspect ratio retention,
GR_BT_Weak,Weak Attacks,
GR_BT_Moderate,Medium Attacks,
GR_BT_Strong,Strong Attacks,
GR_BT_Shield,Shield,
GR_BT_Restart,Restart,
GR_BT_DummyPlayback,Dummy Playback,
GR_BT_DummyRecording,Dummy Recording,
GR_HL_Restart,Redo training.,
GR_NM_Yes,Yes,
GR_NM_No,No,
GR_NM_On,On,
GR_NM_Off,Off,
GR_NM_Show,Display On,
GR_NM_NotShown,Display Off,
GR_NM_Any,Whichever,
GR_NM_Anywhere,Wherever,
GR_NM_Anyone,Whoever,
GR_NM_Same,Same,
GR_NM_SameArea,Same Area,
GR_NM_Random,Random,
GR_NM_1orMore,1+,
GR_NM_2orMore,2+,
GR_NM_3orMore,3+,
GR_NM_Only4,4,
GR_NM_OnlyHighRate,Only High,
GR_NM_Voice_Ending,Ending,
GR_NM_Voice_Encount,Intrusion Allowed,
GR_NM_Voice_Greetings,Greeting,
GR_NM_Voice_SelectCharacter,Character Select,
GR_NM_Voice_WaitingCharacter,Character Standby,
GR_NM_Voice_BattleBegins,Entrance Scene,
GR_NM_Voice_RoundWin,Round Win,
GR_NM_Voice_VictoryWin,Decisive Win,
GR_NM_Voice_RoundLose,Round Lose,
GR_NM_Voice_Lose,Lose,
GR_NM_Voice_Appeal,Provoke,
GR_NM_Voice_NarrowVictory,Narrow Win,
GR_NM_Voice_EasyVictory,Easy Win,
GR_CM_System_PlayerSide,Player,
GR_CM_System_OpponentSide,Opponent,
GR_CM_System_Ground,Ground,
GR_CM_System_Air,Aerial,
GR_CM_System_Stand,Standing,
GR_CM_System_Crouch,Crouching,
GR_CM_System_Jump,Jumping,
GR_CM_System_ExEdge,EX Special,
GR_CM_System_ArcDrive,Arc Drive,
GR_CM_System_LastArc,Last Arc,
GR_CM_System_MagicCircuit,Magic Circuit,
GR_CM_System_MoonIcon,Moon Icon,
GR_CM_System_CounterHit,Counter Hit,
GR_CM_System_Counter,Counter,
GR_CM_System_HighCounter,High Counter,
GR_CM_System_FirstAttack,Fast Attack,
GR_CM_System_Awaking,Awakened,
GR_CM_System_Teching,Tech Throw,
GR_CM_Chr011_SeventhHeaven,Seventh Heaven,
GR_BG_Stage001,Gathering of Old Blood,
GR_BG_Stage002,Momentary Visitor,
GR_BG_Stage003,Rainy Moon,
GR_BG_Stage004,Plaza at Dawn,
GR_BG_Stage005,Destiny's Entrance,
GR_BG_Stage006,Moonlit Altar,
GR_BG_Stage007,Tomorrow's Collapse,
GR_BG_Stage008,The Promised Day,
GR_BG_Stage009,Permafrost,
GR_BG_Stage010,Sleepless Lamp,
GR_BG_Stage011,Glowing Mansion,
GR_BG_Stage012,Red-Sprouted Memories,
GR_BG_Stage013,Midday Coincidence,
GR_BG_Stage015,Summer Sky,
GR_BG_Stage016,Magician's Night EX,
GR_BG_Stage018,Crimson Chapel,
GR_BG_Stage090,Training Stage,
GR_NM_Gallery_CharacterSelection,Character Selection Illustration,
GR_NM_Gallery_VictoryIllustration,Win Illustration,
GR_NM_Gallery_EndingIllustration,Ending Illustration,
GR_NM_Gallery_OpeningMovie,Opening Movie,
GR_NM_Gallery_Movie,Movie,
GR_NM_Gallery_Voice,Voice,
GR_NM_Gallery_KeyArt,Main Visual,
GR_NM_Gallery_StageBGM,Stage Music,
GR_NM_Gallery_GuestIllustration,Guest Illustration,
GR_NM_Category_CutinIllustration,Cut-In Illustration,
GR_NM_Category_Illustration,Illustration,
GR_NM_Category_CharacterLove,Character Love,
GR_NM_Category_PixcelArt,Pixel Art,
GR_NM_Category_ChibiPixcelArt,SD Character,
GR_NM_Category_All,All,
GR_NM_Category_Normal,Normal,
GR_NM_Category_Special,Special,
GR_NM_Category_Other,Other,
GR_NM_Category_Acquired,Acquired,
GR_NM_Category_UnAcquired,Locked,
GR_NM_Category_GoldCoin,Gold Coin,
GR_NM_Category_AllOutBattle,Serious Match,
GR_NM_Category_CasualBattle,Friendly Match,
GR_NM_Category_Practice,Practice,
GR_NM_Character,Character,
GR_NM_OtherCharacters,Other Character,
GR_NM_Message_Subject,Subject,
GR_NM_Message_Predicate,Predicate,
GR_NM_Title,Title,
GR_NM_Item_Transparent,Transparent Icon,
GR_NM_Item_ClearWeather,Clear,
GR_NM_Item_CloudyWeather,Cloudy,
GR_NM_Item_Moon,Moon,
GR_NM_Item_Spade,Spade,
GR_NM_Item_Heart,Heart,
GR_NM_Item_Club,Club,
GR_NM_Item_Diamond,Diamond,
GR_NM_Item_Beginner,Beginner,
GR_NM_Item_Expert,Senior,
GR_NM_Item_Chick,Chick,
GR_NM_Item_Chicken,Chicken,
GR_NM_Item_Rice,Rice,
GR_NM_Item_Bread,Bread,
GR_NM_Item_Meat,Meat,
GR_NM_Item_Fish,Fish,
GR_NM_Item_Mushroom,Mushroom,
GR_NM_Item_BambooShoot,Bamboo Shoot,
GR_NM_Item_KanjiSeventhNight,Kanji - Seven Nights,
GR_NM_Item_KanjiTohno,Kanji - Tohno,
GR_NM_Item_KanjiTiger,Kanji - Tiger,
GR_NM_Item_KanjiWolf,Kanji - Wolf,
GR_NM_Custom_Night,Night,
GR_NM_Custom_Morning,Morning,
GR_NM_Custom_Evening,Evening,
GR_NM_Custom_White,White,
GR_NM_Custom_Black,Black,
GR_NM_Custom_Cinnabar,Crimson,
GR_NM_Custom_Red,Red,
GR_NM_Custom_Blue,Blue,
GR_NM_Custom_SkyMotif,Sky Motif,
GR_NM_Custom_Marble,Marble,
GR_NM_Custom_LacquerWare,Lacquer Ware,
GR_NM_Custom_Hardcover,Hardcover,
GR_NM_Custom_NavyBlueAndCherryBlossoms,Navy and Cherry Blossom,
GR_NM_Custom_WhiteAndCherryBlossoms,White and Cherry Blossom,
GR_NM_Custom_PatientRegistrationTicket,Patient Registration Card,
GR_NM_Custom_Letter,Letter,
GR_NM_Custom_Cyber,Cyber,
GR_NM_Custom_DangerSign,Danger Sign,
GR_NM_Custom_Natural,Natural,
GR_NM_Custom_Mechanical,Mechanical,
GR_NM_Custom_Gothic,Gothic,
GR_NM_Custom_Majestic,Majestic,
GR_NM_Custom_CurrentCode,Current Code,
GR_NM_Custom_TitlePlate,Title Plate,
GR_NM_Custom_Rounded,Rounded,
GR_NM_Custom_Square,Square,
GR_NM_Custom_Frame,Frame,
GR_NM_Custom_Plane,Plain,
GR_NM_Custom_Cute,Cute,
GR_NM_Custom_Marine,Marine,
GR_NM_Custom_Paint,Painted,
GR_NM_Custom_Navy,Navy,
GR_NM_Custom_Elegant,Elegant,
GR_NM_Custom_Bronze,Bronze,
GR_NM_Custom_Silver,Silver,
GR_NM_Custom_Gold,Gold,
GR_NM_Custom_Platinum,Platinum,
GR_NM_Open_Unopened,Locked,
GR_NM_Open_Opened,Unlocked,
GR_NM_Open_OpenRatio,Unlock Percentage,
GR_NM_Gallery_SelectedVoice,Selected Voice,
GR_NM_Achievement_Opened,Unlocked.,
GR_MS_Spend_CP_to_unlock_this_item?,CP required. Unlock this item?,
GR_MS_You_don't_have_enough_CP,Not enough CP.,
GR_HL_Option_ChangeTheAutoSave,Toggle Auto Save ON/OFF.,
GR_HL_Option_SaveTheData,Data will be saved.,
GR_HL_Option_ChangeTheAutomaticSkipVSScreen,Toggle Auto Skip VS Screen ON/OFF before battle.,
GR_HL_Option_ChangeTheAutomaticSkipVSScreenInNetwork,Toggle Auto Skip VS Screen ON/OFF before network battle.,
GR_HL_Option_ChangeTheDisplayLanguageInTheGame,Change in-game display language.,
GR_HL_Option_RestoreTheDefaultSettings,Restore default settings.,
GR_HL_Option_ReturnToMainMenu,Return to main menu.,
GR_HL_Option_ChangeTheBGMVolume,Change BGM volume.,
GR_HL_Option_ChangeTheSFXVolume,Change SFX volume.,
GR_HL_Option_ChangeTheVoiceVolume,Change character voice volume.,
GR_HL_Option_ChangeTheRoundCallVoice,Change round announcer voice settings.,
GR_HL_Option_ChangeTheScallingType,Change scaling type settings.,
GR_HL_Option_ChangeTheResolutionType,Change the screen resolution.,
GR_HL_Option_ScreenMode,Change the screen mode.,
GR_HL_Option_VSync,Turn VSYNC on/off.,
GR_HL_Option_KeepAspect,Turn aspect ratio retention on/off.,
GR_HL_Option_ChangeTheDificultOfTheCPU,Change CPU strength. Higher numbers mean stronger enemies.,
GR_HL_Rounds_Story,Change the required number of rounds to win in Story Mode.,
GR_HL_Rounds_VS,Change the required number of rounds to win in Versus Mode.,
GR_HL_RoundTime_Story,Change the timer length in Story Mode.,
GR_HL_RoundTime_VS,Change the timer length in Versus Mode.,
GR_HL_BattleMenu,Change the time required to hold the button to open the menu during fights.,
GR_HL_GameStart,Start game.,
GR_NM_RematchLimit,Rematch Limit,
GR_HL_RematchLimit,Set the maximum number of rematches allowed. Players may only fight until they win this number of times.,
GR_NM_LanguageSettings,Display Language,
GR_LN_Jp,Japanese,
GR_LN_En,English,
GR_LN_Zh_TW,Chinese (Traditional),
GR_LN_Zh_CN,Chinese (Simplified),
GR_LN_Ko,Korean,
GR_LN_Fr,French,
GR_LN_It,Italian,
GR_LN_De,German,
GR_LN_Es,Spanish,
GR_NM_AutoSave_Replay,Autosave Replay Data,
GR_MD_PlayerMatch_Spectate,View Player Match,
GR_NM_KEYASSIGN,Please press the key,
GR_NM_KEYASSIGN2,you wish to use.,
GR_NM_SystemSettings,System Settings,
GR_NM_GameSettings,Game Settings,
GR_NM_ArcadeSetting,Story Settings,
GR_NM_VersusPlayerSettings,VS Player Settings,
GR_NM_VersusCPUSettings,VS CPU Settings,
GR_NM_WatchSettings,Watch Settings,
GR_NM_SoundSettings,Sound Settings,
GR_NM_DisplaySettings,Display Settings,
GR_NM_ButtonSettings,Button Settings,
GR_NM_KeySettings,Keyboard Settings,
GR_NM_MessageSettings,Message Settings,
GR_NM_Close,Close,
GR_HL_Training_Close,Close menu and return to game.,
GR_NM_CommandList,Command List,
GR_HL_CommandList,Open command list to see character skills.,
GR_HL_SoundSettings,Change sound settings.,
GR_HL_ButtonSettings,Open settings to change button mappings.,
GR_HL_KeySettings,Open keyboard settings to select which keys you wish to use.,
GR_NM_ReturnToCharacterSelect,Return to character selection,
GR_HL_ReturnToCharacterSelect,End current mode and return to character selection.,
GR_NM_ReturnToMainMenu,Return to main menu,
GR_HL_ReturnToMainMenu,End current mode and return to main menu.,
GR_NM_ReturnToRankedMatchMenu,Return to Ranked Match menu,
GR_HL_ReturnToRankedMatchMenu,End current mode and return to Ranked Match menu.,
GR_NM_ReturnToSinglePlayMenu,Return to Single Play menu,
GR_HL_ReturnToSinglePlayMenu,End current mode and return to Single Play menu.,
GR_NM_ReturnToReplayMenu,Return to Replay menu,
GR_HL_ReturnToReplayMenu,End current mode and return to Replay menu.,
GR_NM_ReturnToNetworkMenu,Return to Network menu,
GR_HL_ReturnToNetworkMenu,End current mode and return to Network menu.,
GR_NM_ReturnToNetworkRoom,Return to room,
GR_HL_ReturnToNetworkRoom,End current mode and return to room.,
GR_NM_Retry,Retry,
GR_HL_Retry,Retry challenge.,
GR_NM_NextChallenge,Next Challenge,
GR_HL_NextChallenge,Proceed to next challenge.,
GR_NM_ReturnToChallengeSelect,Return to challenge selection,
GR_HL_ReturnToChallengeSelect,Return to challenge selection.,
GR_NM_ViewDemo,View Demo,
GR_HL_ViewDemo,View a challenge demo. You may pause at any time and select ÅgBegin Demo AssistÅh.,
GR_NM_StartMissionAssistance,Begin Demo Assist,
GR_HL_StartMissionAssistance,Begin the demo assist mode. (Does not count toward completing the challenge.),
GR_NM_EndMissionAssistance,End Demo Assist,
GR_HL_EndMissionAssistance,End the demo assist mode.,
GR_NM_ViewExplanation,View Explanation,
GR_HL_ViewExplanation,View an explanation of the challenge.,
GR_NM_AutoRestart,Auto Retry on Loss,
GR_HL_AutoRestart,Sets whether or not you wish to automatically retry a failed challenge.,
GR_NM_GoToTrainingMode,Training Mode,
GR_HL_GoToTrainingMode,End Mission Mode and go to Training Mode.,
GR_NM_BattleSpeed,Battle Speed,
GR_HL_BattleSpeed,Change the battle speed.,
GR_NM_DisplayInputHistory,Input History Display,
GR_HL_DisplayInputHistory,Change input history display setting.,
GR_NM_DisplayDamageInformation,Damage Display,
GR_HL_DisplayDamageInformation,Change damage display setting.,
GR_NM_AutoDisplay,Auto Message,
GR_NM_MessageDisplaySpeed,Message Display Speed,
GR_NM_Settings_Normal,Normal,
GR_NM_Settings_Instant,Instant,
GR_NM_ReturnToScenarioSelect,Return to Scenario Selection,
GR_NM_RemoveMessageWindow,Message Window Fading,
GR_NM_DisplayBacklog,Display Log,
GR_NM_SkipMessage,Skip messages,
GR_NM_SkipDialogue,Skip conversation,
GR_DM_SkipDialogue,Would you like to skip the conversation?,
GR_MS_CheckingForDLC,Checking download contents...,
GR_NM_Customize_JP_A,A~ (JP),
GR_NM_Customize_JP_KA,KA~ (JP),
GR_NM_Customize_JP_SA,SA~ (JP),
GR_NM_Customize_JP_TA,TA~ (JP),
GR_NM_Customize_JP_NA,NA~ (JP),
GR_NM_Customize_JP_HA,HA~ (JP),
GR_NM_Customize_JP_MA,MA~ (JP),
GR_NM_Customize_JP_YA,YA~ (JP),
GR_NM_Customize_JP_RA,RA~ (JP),
GR_NM_Customize_JP_WA,WA~ (JP),
GR_NM_Customize_SYM,SYM,
GR_NM_Color,Color,
GR_NM_ChangeCharacter,Change Character,
GR_NM_CustomColor,Custom Color,
GR_NM_ColorCustomize_Base,Base,
GR_NM_ColorCustomize_Parts,Parts,
GR_NM_CopyCustomColor,Copy Custom Color,
GR_NM_AutoPass,Auto Pass,
GR_NM_SkipTime,Skip Time,
GR_NM_Network_AreaSettings,Area Settings,
GR_NM_Network_SetLowestRank,Set Lowest Rank,
GR_NM_Network_SetHighestRank,Set Highest Rank,
GR_NM_Network_CommunicationSpeedSettings,Set Connection Speed,
GR_NM_Category_AllowShareFunctions,Allow SHARE Function,
GR_NM_Network_ConsecutiveSamePlayer,Same Player Consecutive Matching,
GR_NM_Network_ShowPlayingPlayer,Currently Playing Display,
GR_NM_Network_RoomName,Room Name,
GR_NM_Network_RoomInformation,Room Details,
GR_NM_Network_RoomDirection,Room Policy,
GR_NM_Network_RoomType,Room Type,
GR_NM_Network_RoomCapacity,Room Capacity,
GR_NM_Network_CreateRoom,Create Room,
GR_NM_Network_SearchRoom,Search Rooms,
GR_NM_Network_RoomSettings,Room Settings,
GR_NM_Network_ChangeRoomSettings,Change Room Settings,
GR_NM_Network_RoomSeachSettings,Room Search Settings,
GR_NM_Network_RoomCreationSettings,Room Create Settings,
GR_NM_Network_RoomSeachResults,Room Search Results,
GR_NM_Network_ShowFullRoom,Show Full Rooms,
GR_NM_Network_SpeedRestrictions,Connection Speed Restrictions,
GR_NM_Network_CommunicationSpeed,Connection Speed,
GR_NM_Network_Restrictions,Level Restrictions,
GR_NM_Network_SimilarLevel,Similar Level,
GR_NM_Network_ConsecutivePlay,Consecutive Play Restrictions,
GR_NM_Network_OnlineTraining,Online Training,
GR_NM_Network_PlayerSeachSettings,Player Search Settings,
GR_NM_Network_SeachModeSettings,Search Mode Settings,
GR_NM_Network_QuickSeach,Quick Search,
GR_NM_Network_CustomSeach,Custom Search,
GR_NM_Network_WaitingInTrainingMode,Training Waiting,
GR_NM_Network_RoomMaster,Room Owner,
GR_NM_Network_DayTimeRommCreated,Room Creation Time,
GR_NM_Network_ConfirmInvitationMessage,Confirm invite messages,
GR_NM_Network_MaxRP,Max RP,
GR_NM_Network_MaxRPChatacter,Max RP Character,
GR_NM_Settings_NormalSlot,Normal Slot,
GR_NM_Settings_InviteSlot,Invite Slot,
GR_NM_None,No Settings,
GR_NM_NoRematch,No Rematch,
GR_NM_Hardware,Hardware,
GR_NM_SameAsYou,Same as You,
GR_NM_Allow,Enable,
GR_NM_NotAllowed,Disable,
GR_NM_Battle,Battle,
GR_NM_2People,2 People,
GR_NM_3-5People,3~5 People,
GR_NM_6orMorePeople,6+ People,
GR_NM_RotationStyle,Battle Rotation Style,
GR_NM_Rule_WinnerStays,Winner Stays,
GR_NM_Rule_LoserStays,Loser Stays,
GR_NM_Rule_DoNotChange,Do Not Change,
GR_NM_Rule_BothChange,Both Change,
GR_NM_Unlimited,Unlimited,
GR_NM_NumberOfMembers,Member Number,
GR_NM_DayTimeJoined,Participation time,
GR_NM_Acquiring,Retrieving,
GR_NM_Error,Error,
GR_NM_Auto,Auto,
GR_NM_ClearCount,Clear Count,
GR_NM_PlayCount,Play Count,
GR_NM_PlayVoice,Play Voice,
GR_NM_PlayVoiceCount,Play Voice Count,
GR_NM_CharacterAchievRate,Character Achievement Rate,
GR_NM_NoContinueClear,No-Continue Clear,
GR_NM_ClearByDifficulty,Clear By Difficulty,
GR_NM_ClearRank,Clear Rating,
GR_NM_ClearNumber,Clear Number,
GR_NM_ViewDirection,View Scene,
GR_NM_ConditionalVictory,Conditional Victory,
GR_NM_ViewVictoryDemo,View Victory Demo,
GR_NM_RankS,RANK S,
GR_NM_RankBorMore,Rank B or Higher,
GR_NM_RankAorMore,Rank A or Higher,
GR_NM_Level_Novice,Novice,
GR_NM_Level_Beginner,Beginner,
GR_NM_Level_Intermediate,Intermediate,
GR_NM_Level_Expert,Expert,
GR_NM_Level_Veteran,Veteran,
GR_NM_Victory_Generic,Generic Victory,
GR_NM_Victory_SpecificOpponents,Specific Victory,
GR_NM_Victory_SpecificOpponentsOnlyStory,Story Victory,
GR_NM_Victory_3StreakWin,3-Streak Victory,
GR_NM_Victory_10StreakWin,10-Streak Victory,
GR_MS_AchivExp_CharacterSelect,Achievement related to character selection.,
GR_MS_AchivExp_StoryMode,Achievement for finishing Story Mode.,
GR_MS_AchivExp_Winner,Achievement for viewing Victory Demo after winning.,
GR_MS_AchivExp_ConditionalVictory,Achievement for winning with special conditions.,
GR_MS_AchivExp_SpecialBattleDirection,Achievement for viewing special scene.,
GR_MS_AchivExp_ComboMission,Achievement for finishing Mission.,
GR_MS_AchivExp_ScoreAttack,Achievement for finishing Score Attack Mode.,
GR_MS_AchivExp_TimeAttack,Achievement for finishing Time Attack Mode.,
GR_MS_AchivExp_Survival,Achievement for finishing Survival Mode.,
GR_MS_AchivExp_CharacterAchievRate,Achievement ratio by character.,
GR_MS_AchivExp_BossRush,Achievement for finishing Boss Rush Mode.,
GR_NM_SpecialBattleDirection,Special Battle,
GR_MS_Test_StartControllerSettings,Please press the Menu button on the controller you wish to configure.,
GR_MS_RemoveMenuWindow,Remove Menu,
GR_HL_RemoveMenuWindow,Temporarily close the menu and return to game screen.,
GR_NM_TrainingBasics,Training Basics,
GR_HL_TrainingBasics,Check command list or end the training session.,
GR_NM_EnemyBasics,Enemy Basics,
GR_HL_EnemyBasics,"Set opponent conditions, such as whether or not they can guard.",
GR_NM_Gauges,Gauges,
GR_HL_Gauges,"Set the Life Gauge, Magic Circuit, and Moon Icon.",
GR_NM_EnemyQuickRecovery,Enemy Recovery,
GR_NM_DummyEnemy,Dummy Enemy,
GR_HL_DummyEnemy,Record movements and change other dummy enemy settings.,
GR_NM_TrainingDisplay,Training Display,
GR_HL_TrainingDisplay,Change information that appears during training.,
GR_NM_EasySelect,Quick Select,
GR_HL_EasySelect,Change character and stage.,
GR_NM_Stage,Stage,
GR_NM_LeftCorner,Left Side,
GR_HL_LeftCorner,Restart training from the left.,
GR_HL_LeftCornerFacingRight,Restart training with your back facing the left wall.,
GR_NM_Midscreen,Center,
GR_HL_Midscreen,Restart training from the center.,
GR_HL_MidscreenOppositeFacing,Restart training at the center of the screen facing away.,
GR_NM_RightCorner,Right Side,
GR_HL_RightCorner,Restart training from the right.,
GR_HL_RightCornerFacingLeft,Restart training with your back facing the right wall.,
GR_NM_FacingRight,Facing Right,
GR_NM_FacingLeft,Facing Left,
GR_NM_OppositeFacing,Facing Away,
GR_NM_LifeGauge,Life Gauge,
GR_NM_MaxLifeGauge,Max Life Gauge,
GR_HL_MaxLifeGauge,Set maximum life gauge.,
GR_NM_AutoRecoveryOn,Auto Recovery On,
GR_HL_AutoRecoveryOn,Sets life gauge to automatically recover.,
GR_NM_AutoRecoveryOff,Auto Recovery Off,
GR_HL_AutoRecoveryOff,Sets life gauge to not recover. Will result in K.O..,
GR_NM_ReversalAction,Reversal Action,
GR_HL_ReversalAction,Set action taken after guarding or standing. (Some actions are not available),
GR_NM_EnemyStatus,Action Status,
GR_NM_COM,CPU,
GR_NM_COMLevel,CPU Level,
GR_HL_COMLevel,Set the CPU's level.,
GR_NM_Controller,Controller,
GR_NM_Guard,Guard,
GR_NM_GuardTiming,Guard Timing,
GR_NM_InputLag,Input Lag,
GR_HL_InputLag,Set input lag in increments of 1 frame (1/60th of a second). Allows you to practice what it's like using network mode.,
GR_HL_Shield,Set whether to force shield on guard.,
GR_NM_GuardShieldActivation,Guard Shield Activation Hit Number,
GR_HL_GuardShieldActivation,Set the number of hits before a shield is activated.,
GR_NM_MagicCircuitGaugeStart,Magic Circuit Activation Value,
GR_HL_MagicCircuitGaugeStart,Set when the Magic Circuit is activated.,
GR_NM_ApplyChanges,Apply Changes,
GR_NM_GotoMissionMode,Mission Mode,
GR_HL_GotoMissionMode,End current mode and go to Mission Mode.,
GR_NM_AutoIncrease,Auto Increase,
GR_NM_AutoDecrease,Auto Decrease,
GR_NM_AlwaysMax,Always Max,
GR_NM_FastRecovery,Fast Recovery,
GR_HL_MagicCircuit,Set Magic Circuit auto decrease.,
GR_HL_MoonIcon,Set Moon Icon auto decrease.,
GR_HL_CounterHit,Set counter hit.,
GR_HL_FirstAttack,Set fast attack.,
GR_HL_EnemyStatus,Set the enemy's action status.,
GR_HL_EnemyGuard,Set the enemy's guard status.,
GR_NM_NoGuard,No Guard,
GR_NM_AllGuard,Guard All,
GR_NM_VariableGuard,Guard on Active Status,
GR_HL_GuardTiming,Set enemy's guard timing.,
GR_NM_Settings_During,During,
GR_NM_Settings_Initial,Initial,
GR_HL_EnemyTeching,Set the enemy's tech throw.,
GR_NM_Settings_RandomUse,Random Use,
GR_NM_Settings_RandomDirection,Random Direction,
GR_NM_Settings_RandomTiming,Random Timing,
GR_NM_AllRandom,All Random,
GR_NM_QuickRecoverySettings,Simple Quick Recovery,
GR_HL_EnemyQuickRecoverySettings,Set all the enemy's recovery settings together.,
GR_NM_AerialRecovery,Aerial Recovery,
GR_HL_EnemyAerialQuickRecoverySettings,Set the enemy's aerial recovery settings.,
GR_NM_GroundRecovery,Ground Recovery,
GR_HL_EnemyGroundQuickRecoverySettings,Set the enemy's ground recovery settings.,
GR_NM_EmergencyRecovery,Emergency Recovery,
GR_HL_EnemyEmergencyQuickRecoverySettings,Set the enemy's emergency recovery settings.,
GR_NM_Settings_Vertical,Vertical,
GR_NM_Settings_Backward,Backward,
GR_NM_Settings_Forward,Forward,
GR_NM_DummySlot,Dummy Slot,
GR_HL_DummySlot,Set the dummy record and playback settings. Pressing confirm will initialize recorded actions.,
GR_NM_DisplayDummyPlaybackTime,Dummy Playback Time Display,
GR_HL_DisplayDummyPlaybackTime,Set the display settings for the dummy playback time.,
GR_NM_DummyPlayback,Dummy Playback,
GR_HL_DummyPlayback,Set the dummy playback settings.,
GR_NM_RepeatInIntervals,Repeat in Intervals,
GR_NM_ReversalAction,On Reversal Action,
GR_NM_WithReversalAction,At the same time as the Reversal Action,
GR_NM_Guarding,On guarding,
GR_NM_GuardingOrHit,Guarding or Hit,
GR_NM_RandomDummyPlayback,Random Dummy Playback,
GR_HL_RandomDummyPlayback,Set whether to playback dummy actions from random slots.,
GR_NM_StartDummyRecording,Start Dummy Recording,
GR_HL_StartDummyRecording,Begins dummy recording. Select Dummy Playback in order to use the recording.,
GR_HL_ChangePlayer1Character,Change the character used by Player 1.,
GR_HL_ChangePlayer2Character,Change the character used by Player 2.,
GR_HL_ChangeStage,Change the stage.,
GR_HL_ChangeBGM,Change the music.,
GR_HL_ApplyChangesAndRestart,Reload training with updated character and stage settings.,
GR_NM_Result_TotalBattleCount,Total Battles,
GR_NM_Result_BattleCount,Battles,
GR_NM_Result_WinCount,Wins,
GR_NM_Result_WinningStreak,Win Streak,
GR_NM_Result_WinningStreakCount,Win Streaks,
GR_NM_Result_TotalWinningStreakCount,Total Win Streaks,
GR_NM_Result_MaxWinningStreakCount,Longest Win Streak,
GR_NM_Result_TotalCount,Matches,
GR_NM_Result_Match,Matches,
GR_NM_Result_WinShort,Wins,
GR_NM_Result_Win,Win,
GR_NM_Result_LoseShort,Lose,
GR_NM_Result_Lose,Lose,
GR_NM_Result_Draw,Draw,
GR_NM_Result_WinRatio,Win Ratio,
GR_NM_Result_Latest,Latest,
GR_NM_Result_Latest1GameResults,Latest Battle Results,
GR_NM_Result_Latest10GameResults,Latest 10 Battle Results,
GR_NM_Result_DateAndTimeOfLatestGame,Date of Latest Battle,
GR_NM_Result_CharacterOfLatestGame,Last Character Used,
GR_NM_Result_MatchCompletionRate,Match Completion Rate,
GR_NM_Result_BattleResult,Match Results,
GR_NM_Result_Perfect,Perfect,
GR_NM_Result_TimeUp,Time's Up,
GR_NM_Result_NumberOfFinish,Finish Count,
GR_NM_Result_MaxCombo,Max Combo,
GR_NM_Result_HitCount,Hits,
GR_NM_Result_Damage,Damage,
GR_NM_Result_DamageGiven,Damage Dealt,
GR_NM_Result_DamageTaken,Damage Taken,
GR_NM_Result_CounterHitGivenCount,Counter Hits Dealt,
GR_NM_Result_CounterHitTakenCount,Counter Hits Taken,
GR_NM_Result_GuardMissNumber,Guard Miss Count,
GR_NM_Result_GuardMissRate,Guard Miss Rate,
GR_NM_Result_ShieldCount,Shield Count,
GR_NM_Result_ShieldSuccessCount,Successful Shield Count,
GR_NM_Result_ShieldSuccessRate,Successful Shield Rate,
GR_NM_Result_ShieldCounterCount,Shield Counters,
GR_NM_Result_SparkCount,Forced Release Count,
GR_NM_Result_SparkRate,Forced Release Rate,
GR_NM_Result_MoonDriveCount,Moon Drive Count,
GR_NM_Result_MoonDriveRate,Moon Drive Rate,
GR_NM_Result_CrossAssultCount,Cross Assault Count,
GR_NM_Result_CrossAssultHitCount,Cross Assault Hit Count,
GR_NM_Result_CrossAssultHitRate,Cross Assault Hit Rate,
GR_NM_Result_CrossAssultGuardCount,Successful Cross Assault Guard,
GR_NM_Result_CrossAssultGuardRate,Successful Cross Assault Guard Rate,
GR_NM_Result_ThrowCount,Throw Count,
GR_NM_Result_ThrowSuccessCount,Successful Throw Count,
GR_NM_Result_ThrowSuccessRate,Successful Throw Rate,
GR_NM_Result_ThrowMissDamageCount,Mid-Throw Hit Count,
GR_NM_Result_TechingCount,Successful Tech Throw Count,
GR_NM_Result_TechingSuccessRate,Successful Tech Throw Rate,
GR_NM_Guard_High,Guard High,
GR_NM_Guard_Overhead,Overhead Guard,
GR_NM_Guard_Low,Low Guard,
GR_NM_Guard_Air,Aerial Guard,
GR_NM_AllCharacters,All Characters,
GR_NM_BattleCharacter,Battle Character,
GR_NM_SelectCharacter,Character Used,
GR_NM_SelectCharacterToUse,Select Character To Use,
GR_MS_FindNewOpponent,An opponent has been found!,
GR_MS_ConfirmationUploadReplay,Would you like to upload the replay?,
GR_NM_CharacterSelect,Character Select,
GR_NM_ModeSelect,Mode Select,
GR_NM_Status_Playing,In Battle,
GR_NM_Status_BeforePlaying,Pre-Battle,
GR_NM_Status_Watching,Observing,
GR_NM_Status_OrderOfWatching,Auto Pass,
GR_NM_Status_OrderOfPlaying,Battle Order,
GR_NM_Status_Preparation,Preparing,
GR_NM_Status_Waiting,Waiting,
GR_NM_Status_Training,Training,
GR_NM_Status_CharacterSelection,Selecting Character,
GR_NM_Story_Opening,Opening,
GR_NM_Story_GameStageNum,Stage,
GR_NM_Story_Ending,Ending,
GR_NM_Filter,Filter,
GR_NM_Sort,Sort,
GR_NM_Category_FightRecord,Battle Records,
GR_NM_Category_FightRecordByOpponent,Battle Record By Opponent,
GR_NM_Player,Player,
GR_NM_Player1,Player 1,
GR_NM_Player2,Player 2,
GR_HL_ApplyCharaGaugeAndRestart,Reload training with updated character settings.,
GR_NM_CharaGauge_BlackKeys,Black Key,
GR_NM_CharaGauges,Character Settings,
GR_HL_CharaGauges,Change character-specific settings.,
GR_HL_Training_Awaking,Set activation settings.,
GR_NM_Custom_SkyGray,Sky Gray,
GR_NM_Custom_Noon,Noon,
GR_NM_GuestName_NOCO,NOCO,
GR_NM_GuestName_ReDrop,ReDrop,
GR_NM_GuestName_Riyo,Riyo,
GR_NM_GuestName_Azusa,Azusa,
GR_NM_GuestName_Shirabi,Shirabii,
GR_NM_GuestName_EriTakenashi,Eri Takenashi,
GR_NM_GuestName_RueKibadori,KIBADORI Rue,
GR_NM_GuestName_BUNBUN,BUNBUN,
GR_NM_GuestName_toi8,toi8,
GR_NM_GuestName_HiroshiHiroyama,Hiroshi Hiroyama,
GR_NM_GuestName_ArcoWada,Rco Wada,
GR_NM_CharaGauge_BoundaryPeek,Boundary Peek,
GR_NM_CharaGauge_BattleStyle,Battle Style,
GR_NM_FlameFixed,Flame Settings,
GR_NM_IceFixed,Ice Settings,
GR_NM_ButtonSettings_Message1,Please press,
GR_NM_ButtonSettings_Message2,on the controller,
GR_NM_NotSet,Not Set,
GR_NM_Gallery_CharacterProfile,Character Profiles,
GR_NM_Gallery_DesignPixelArt,Design Pixel Art,
GR_MD_BossRushMode,Boss Rush Mode,
GR_HL_Option_ChangeInputLag,Set the input lag for network mode. Smaller figures will make it easier for the screen to rewind.,
GR_NM_Percent,%,
GR_NM_PlayerMatch_FindNewOpponent,Opponent Found,
GR_NM_PlayerMatch_OpponentLeft,Opponent Left,
GR_NM_PlayerMatch_OpponentPassed,Opponent Passed,
GR_NM_PlayerMatch_InProcess,In process...,
GR_NM_PlayerMatch_ReceivedRequest,Received Request,
GR_NM_PlayerMatch_SettingsChanged,The room settings have been changed.,
GR_NM_PlayerMatch_SystemAnnounce,System,
GR_NM_PlayerMatch_SettingsAllDefault,Restore All Room Setting Defaults,
GR_NM_PlayerMatch_OtherSettingsAllDefault,Restore All Other Default Settings,
GR_NM_PlayerMatch_AutoPassSoon,Please wait to swap.,
GR_NM_PlayerMatch_AutoPassImmediately,Can be swapped soon.,
GR_NM_Training_ShieldCounter,Shield Counter,
GR_HL_Training_ShieldCounter,Set shield counter.,
GR_NM_AlwaysMoonDrive,Always MoonDrive,
GR_HL_Option_AutoSaveFlag_ReplayVersus,Turn autosave for online battles replay data in Versus Mode on or off.,
GR_HL_Option_AutoSaveFlag_ReplayRankMatch,Turn autosave for online battles replay data in Ranked Matches on or off.,
GR_HL_Option_AutoSaveFlag_ReplayPlayerMatch,Turn autosave for online battles replay data in Player Matches on or off.,
GR_HL_Option_AutoSaveFlag_ReplaySpectator,Turn autosave for spectator replay data in Player Matches on or off.,
